{
 "N_mV": 46.0, 
 "Ca": 581.26923076923072, 
 "N": 562.73076923076928, 
 "K_mV": -5.0, 
 "Ca_mV": 64.0, 
 "K": 510.11538461538464
}