{
 "N_mV": 292.0, 
 "Ca": 242.23099999999999, 
 "N": 318.83800000000002, 
 "K_mV": 410.0, 
 "Ca_mV": -253.0, 
 "K": 581.221
}