{
 "N_mV": 325.0, 
 "Ca": 228.00399999999999, 
 "N": 252.69400000000002, 
 "K_mV": 446.0, 
 "Ca_mV": -267.0, 
 "K": 518.37400000000002
}