{
 "N_mV": 298.0, 
 "Ca": 380.66666666666669, 
 "N": 822.33333333333337, 
 "K_mV": 297.0, 
 "Ca_mV": -130.0, 
 "K": 821.33333333333337
}