{
 "N_mV": 309.0, 
 "Ca": 212.58018181818181, 
 "N": 336.286, 
 "K_mV": 281.0, 
 "Ca_mV": -282.0, 
 "K": 448.02327272727268
}